"","date","count","lang","page","rank","month","title"
"21",2015-01-01,8265,"en","Sunny_Leone",77,"201501","Sunny_Leone"
"20",2015-01-02,8796,"en","Sunny_Leone",77,"201501","Sunny_Leone"
"19",2015-01-03,9100,"en","Sunny_Leone",77,"201501","Sunny_Leone"
"18",2015-01-04,7975,"en","Sunny_Leone",77,"201501","Sunny_Leone"
"17",2015-01-05,7989,"en","Sunny_Leone",77,"201501","Sunny_Leone"
"16",2015-01-06,8191,"en","Sunny_Leone",77,"201501","Sunny_Leone"
"15",2015-01-07,7949,"en","Sunny_Leone",77,"201501","Sunny_Leone"
"14",2015-01-08,7780,"en","Sunny_Leone",77,"201501","Sunny_Leone"
"13",2015-01-09,7894,"en","Sunny_Leone",77,"201501","Sunny_Leone"
"3",2015-01-10,8089,"en","Sunny_Leone",77,"201501","Sunny_Leone"
"4",2015-01-11,8028,"en","Sunny_Leone",77,"201501","Sunny_Leone"
"5",2015-01-12,8461,"en","Sunny_Leone",77,"201501","Sunny_Leone"
"6",2015-01-13,8255,"en","Sunny_Leone",77,"201501","Sunny_Leone"
"7",2015-01-14,8426,"en","Sunny_Leone",77,"201501","Sunny_Leone"
"8",2015-01-15,7692,"en","Sunny_Leone",77,"201501","Sunny_Leone"
"9",2015-01-16,7352,"en","Sunny_Leone",77,"201501","Sunny_Leone"
"10",2015-01-17,7933,"en","Sunny_Leone",77,"201501","Sunny_Leone"
"1",2015-01-18,7431,"en","Sunny_Leone",77,"201501","Sunny_Leone"
"2",2015-01-19,8130,"en","Sunny_Leone",77,"201501","Sunny_Leone"
"27",2015-01-20,9161,"en","Sunny_Leone",77,"201501","Sunny_Leone"
"26",2015-01-21,8008,"en","Sunny_Leone",77,"201501","Sunny_Leone"
"29",2015-01-22,7888,"en","Sunny_Leone",77,"201501","Sunny_Leone"
"28",2015-01-23,7389,"en","Sunny_Leone",77,"201501","Sunny_Leone"
"23",2015-01-24,7499,"en","Sunny_Leone",77,"201501","Sunny_Leone"
"22",2015-01-25,8256,"en","Sunny_Leone",77,"201501","Sunny_Leone"
"25",2015-01-26,7645,"en","Sunny_Leone",77,"201501","Sunny_Leone"
"24",2015-01-27,7579,"en","Sunny_Leone",77,"201501","Sunny_Leone"
"31",2015-01-28,7731,"en","Sunny_Leone",77,"201501","Sunny_Leone"
"30",2015-01-29,7252,"en","Sunny_Leone",77,"201501","Sunny_Leone"
"11",2015-01-30,6816,"en","Sunny_Leone",77,"201501","Sunny_Leone"
"12",2015-01-31,5694,"en","Sunny_Leone",77,"201501","Sunny_Leone"
"47",2015-02-01,6641,"en","Sunny_Leone",77,"201502","Sunny_Leone"
"45",2015-02-02,6916,"en","Sunny_Leone",77,"201502","Sunny_Leone"
"46",2015-02-03,6988,"en","Sunny_Leone",77,"201502","Sunny_Leone"
"43",2015-02-04,8201,"en","Sunny_Leone",77,"201502","Sunny_Leone"
"44",2015-02-05,0,"en","Sunny_Leone",77,"201502","Sunny_Leone"
"41",2015-02-06,9510,"en","Sunny_Leone",77,"201502","Sunny_Leone"
"42",2015-02-07,11062,"en","Sunny_Leone",77,"201502","Sunny_Leone"
"39",2015-02-08,11355,"en","Sunny_Leone",77,"201502","Sunny_Leone"
"40",2015-02-09,10160,"en","Sunny_Leone",77,"201502","Sunny_Leone"
"56",2015-02-10,9768,"en","Sunny_Leone",77,"201502","Sunny_Leone"
"55",2015-02-11,9022,"en","Sunny_Leone",77,"201502","Sunny_Leone"
"58",2015-02-12,11344,"en","Sunny_Leone",77,"201502","Sunny_Leone"
"57",2015-02-13,7842,"en","Sunny_Leone",77,"201502","Sunny_Leone"
"52",2015-02-14,8270,"en","Sunny_Leone",77,"201502","Sunny_Leone"
"51",2015-02-15,7708,"en","Sunny_Leone",77,"201502","Sunny_Leone"
"54",2015-02-16,11487,"en","Sunny_Leone",77,"201502","Sunny_Leone"
"53",2015-02-17,8455,"en","Sunny_Leone",77,"201502","Sunny_Leone"
"50",2015-02-18,7781,"en","Sunny_Leone",77,"201502","Sunny_Leone"
"49",2015-02-19,7767,"en","Sunny_Leone",77,"201502","Sunny_Leone"
"33",2015-02-20,7951,"en","Sunny_Leone",77,"201502","Sunny_Leone"
"34",2015-02-21,8948,"en","Sunny_Leone",77,"201502","Sunny_Leone"
"35",2015-02-22,7922,"en","Sunny_Leone",77,"201502","Sunny_Leone"
"36",2015-02-23,8109,"en","Sunny_Leone",77,"201502","Sunny_Leone"
"37",2015-02-24,8299,"en","Sunny_Leone",77,"201502","Sunny_Leone"
"38",2015-02-25,8237,"en","Sunny_Leone",77,"201502","Sunny_Leone"
"48",2015-02-26,7883,"en","Sunny_Leone",77,"201502","Sunny_Leone"
"59",2015-02-27,8707,"en","Sunny_Leone",77,"201502","Sunny_Leone"
"32",2015-02-28,9865,"en","Sunny_Leone",77,"201502","Sunny_Leone"
"83",2015-03-01,9137,"en","Sunny_Leone",77,"201503","Sunny_Leone"
"85",2015-03-02,11645,"en","Sunny_Leone",77,"201503","Sunny_Leone"
"84",2015-03-03,9709,"en","Sunny_Leone",77,"201503","Sunny_Leone"
"87",2015-03-04,8894,"en","Sunny_Leone",77,"201503","Sunny_Leone"
"86",2015-03-05,8781,"en","Sunny_Leone",77,"201503","Sunny_Leone"
"89",2015-03-06,8814,"en","Sunny_Leone",77,"201503","Sunny_Leone"
"88",2015-03-07,9387,"en","Sunny_Leone",77,"201503","Sunny_Leone"
"76",2015-03-08,8724,"en","Sunny_Leone",77,"201503","Sunny_Leone"
"75",2015-03-09,8565,"en","Sunny_Leone",77,"201503","Sunny_Leone"
"67",2015-03-10,8438,"en","Sunny_Leone",77,"201503","Sunny_Leone"
"68",2015-03-11,8751,"en","Sunny_Leone",77,"201503","Sunny_Leone"
"65",2015-03-12,8463,"en","Sunny_Leone",77,"201503","Sunny_Leone"
"66",2015-03-13,9846,"en","Sunny_Leone",77,"201503","Sunny_Leone"
"71",2015-03-14,9546,"en","Sunny_Leone",77,"201503","Sunny_Leone"
"72",2015-03-15,8808,"en","Sunny_Leone",77,"201503","Sunny_Leone"
"69",2015-03-16,9363,"en","Sunny_Leone",77,"201503","Sunny_Leone"
"70",2015-03-17,9609,"en","Sunny_Leone",77,"201503","Sunny_Leone"
"63",2015-03-18,8725,"en","Sunny_Leone",77,"201503","Sunny_Leone"
"64",2015-03-19,8438,"en","Sunny_Leone",77,"201503","Sunny_Leone"
"78",2015-03-20,9361,"en","Sunny_Leone",77,"201503","Sunny_Leone"
"77",2015-03-21,9425,"en","Sunny_Leone",77,"201503","Sunny_Leone"
"74",2015-03-22,9274,"en","Sunny_Leone",77,"201503","Sunny_Leone"
"73",2015-03-23,10473,"en","Sunny_Leone",77,"201503","Sunny_Leone"
"82",2015-03-24,9486,"en","Sunny_Leone",77,"201503","Sunny_Leone"
"81",2015-03-25,10230,"en","Sunny_Leone",77,"201503","Sunny_Leone"
"80",2015-03-26,8592,"en","Sunny_Leone",77,"201503","Sunny_Leone"
"79",2015-03-27,9474,"en","Sunny_Leone",77,"201503","Sunny_Leone"
"60",2015-03-28,10450,"en","Sunny_Leone",77,"201503","Sunny_Leone"
"90",2015-03-29,9128,"en","Sunny_Leone",77,"201503","Sunny_Leone"
"61",2015-03-30,12354,"en","Sunny_Leone",77,"201503","Sunny_Leone"
"62",2015-03-31,13446,"en","Sunny_Leone",77,"201503","Sunny_Leone"
"94",2015-04-01,12000,"en","Sunny_Leone",77,"201504","Sunny_Leone"
"95",2015-04-02,11226,"en","Sunny_Leone",77,"201504","Sunny_Leone"
"96",2015-04-03,9823,"en","Sunny_Leone",77,"201504","Sunny_Leone"
"97",2015-04-04,10473,"en","Sunny_Leone",77,"201504","Sunny_Leone"
"98",2015-04-05,11291,"en","Sunny_Leone",77,"201504","Sunny_Leone"
"99",2015-04-06,15874,"en","Sunny_Leone",77,"201504","Sunny_Leone"
"100",2015-04-07,12791,"en","Sunny_Leone",77,"201504","Sunny_Leone"
"92",2015-04-08,11687,"en","Sunny_Leone",77,"201504","Sunny_Leone"
"93",2015-04-09,11513,"en","Sunny_Leone",77,"201504","Sunny_Leone"
"120",2015-04-10,15308,"en","Sunny_Leone",77,"201504","Sunny_Leone"
"119",2015-04-11,15300,"en","Sunny_Leone",77,"201504","Sunny_Leone"
"118",2015-04-12,15601,"en","Sunny_Leone",77,"201504","Sunny_Leone"
"117",2015-04-13,14505,"en","Sunny_Leone",77,"201504","Sunny_Leone"
"116",2015-04-14,11934,"en","Sunny_Leone",77,"201504","Sunny_Leone"
"115",2015-04-15,11722,"en","Sunny_Leone",77,"201504","Sunny_Leone"
"114",2015-04-16,11384,"en","Sunny_Leone",77,"201504","Sunny_Leone"
"113",2015-04-17,10720,"en","Sunny_Leone",77,"201504","Sunny_Leone"
"112",2015-04-18,11218,"en","Sunny_Leone",77,"201504","Sunny_Leone"
"111",2015-04-19,11026,"en","Sunny_Leone",77,"201504","Sunny_Leone"
"107",2015-04-20,9654,"en","Sunny_Leone",77,"201504","Sunny_Leone"
"108",2015-04-21,8715,"en","Sunny_Leone",77,"201504","Sunny_Leone"
"105",2015-04-22,8582,"en","Sunny_Leone",77,"201504","Sunny_Leone"
"106",2015-04-23,8409,"en","Sunny_Leone",77,"201504","Sunny_Leone"
"103",2015-04-24,8972,"en","Sunny_Leone",77,"201504","Sunny_Leone"
"104",2015-04-25,9667,"en","Sunny_Leone",77,"201504","Sunny_Leone"
"101",2015-04-26,8174,"en","Sunny_Leone",77,"201504","Sunny_Leone"
"102",2015-04-27,8626,"en","Sunny_Leone",77,"201504","Sunny_Leone"
"109",2015-04-28,8412,"en","Sunny_Leone",77,"201504","Sunny_Leone"
"110",2015-04-29,8080,"en","Sunny_Leone",77,"201504","Sunny_Leone"
"91",2015-04-30,8399,"en","Sunny_Leone",77,"201504","Sunny_Leone"
"123",2015-05-01,8083,"en","Sunny_Leone",77,"201505","Sunny_Leone"
"122",2015-05-02,8810,"en","Sunny_Leone",77,"201505","Sunny_Leone"
"121",2015-05-03,9918,"en","Sunny_Leone",77,"201505","Sunny_Leone"
"127",2015-05-04,10033,"en","Sunny_Leone",77,"201505","Sunny_Leone"
"126",2015-05-05,10592,"en","Sunny_Leone",77,"201505","Sunny_Leone"
"125",2015-05-06,12015,"en","Sunny_Leone",77,"201505","Sunny_Leone"
"124",2015-05-07,10339,"en","Sunny_Leone",77,"201505","Sunny_Leone"
"131",2015-05-08,11031,"en","Sunny_Leone",77,"201505","Sunny_Leone"
"130",2015-05-09,12387,"en","Sunny_Leone",77,"201505","Sunny_Leone"
"146",2015-05-10,13534,"en","Sunny_Leone",77,"201505","Sunny_Leone"
"147",2015-05-11,11613,"en","Sunny_Leone",77,"201505","Sunny_Leone"
"148",2015-05-12,10337,"en","Sunny_Leone",77,"201505","Sunny_Leone"
"149",2015-05-13,21308,"en","Sunny_Leone",77,"201505","Sunny_Leone"
"142",2015-05-14,15408,"en","Sunny_Leone",77,"201505","Sunny_Leone"
"143",2015-05-15,13304,"en","Sunny_Leone",77,"201505","Sunny_Leone"
"144",2015-05-16,16677,"en","Sunny_Leone",77,"201505","Sunny_Leone"
"145",2015-05-17,12893,"en","Sunny_Leone",77,"201505","Sunny_Leone"
"140",2015-05-18,11251,"en","Sunny_Leone",77,"201505","Sunny_Leone"
"141",2015-05-19,9469,"en","Sunny_Leone",77,"201505","Sunny_Leone"
"129",2015-05-20,9218,"en","Sunny_Leone",77,"201505","Sunny_Leone"
"128",2015-05-21,8986,"en","Sunny_Leone",77,"201505","Sunny_Leone"
"139",2015-05-22,8649,"en","Sunny_Leone",77,"201505","Sunny_Leone"
"138",2015-05-23,9623,"en","Sunny_Leone",77,"201505","Sunny_Leone"
"133",2015-05-24,8709,"en","Sunny_Leone",77,"201505","Sunny_Leone"
"132",2015-05-25,9091,"en","Sunny_Leone",77,"201505","Sunny_Leone"
"135",2015-05-26,8561,"en","Sunny_Leone",77,"201505","Sunny_Leone"
"134",2015-05-27,8995,"en","Sunny_Leone",77,"201505","Sunny_Leone"
"136",2015-05-28,9914,"en","Sunny_Leone",77,"201505","Sunny_Leone"
"151",2015-05-29,8443,"en","Sunny_Leone",77,"201505","Sunny_Leone"
"150",2015-05-30,8692,"en","Sunny_Leone",77,"201505","Sunny_Leone"
"137",2015-05-31,7965,"en","Sunny_Leone",77,"201505","Sunny_Leone"
"173",2015-06-01,7970,"en","Sunny_Leone",77,"201506","Sunny_Leone"
"170",2015-06-02,7976,"en","Sunny_Leone",77,"201506","Sunny_Leone"
"171",2015-06-03,7651,"en","Sunny_Leone",77,"201506","Sunny_Leone"
"167",2015-06-04,8830,"en","Sunny_Leone",77,"201506","Sunny_Leone"
"177",2015-06-05,8577,"en","Sunny_Leone",77,"201506","Sunny_Leone"
"165",2015-06-06,8139,"en","Sunny_Leone",77,"201506","Sunny_Leone"
"166",2015-06-07,7179,"en","Sunny_Leone",77,"201506","Sunny_Leone"
"178",2015-06-08,7615,"en","Sunny_Leone",77,"201506","Sunny_Leone"
"179",2015-06-09,7909,"en","Sunny_Leone",77,"201506","Sunny_Leone"
"157",2015-06-10,7871,"en","Sunny_Leone",77,"201506","Sunny_Leone"
"156",2015-06-11,7870,"en","Sunny_Leone",77,"201506","Sunny_Leone"
"159",2015-06-12,7408,"en","Sunny_Leone",77,"201506","Sunny_Leone"
"158",2015-06-13,8435,"en","Sunny_Leone",77,"201506","Sunny_Leone"
"161",2015-06-14,7389,"en","Sunny_Leone",77,"201506","Sunny_Leone"
"160",2015-06-15,7423,"en","Sunny_Leone",77,"201506","Sunny_Leone"
"163",2015-06-16,7372,"en","Sunny_Leone",77,"201506","Sunny_Leone"
"162",2015-06-17,7681,"en","Sunny_Leone",77,"201506","Sunny_Leone"
"169",2015-06-18,6849,"en","Sunny_Leone",77,"201506","Sunny_Leone"
"164",2015-06-19,6462,"en","Sunny_Leone",77,"201506","Sunny_Leone"
"174",2015-06-20,6781,"en","Sunny_Leone",77,"201506","Sunny_Leone"
"175",2015-06-21,5808,"en","Sunny_Leone",77,"201506","Sunny_Leone"
"176",2015-06-22,6223,"en","Sunny_Leone",77,"201506","Sunny_Leone"
"168",2015-06-23,6284,"en","Sunny_Leone",77,"201506","Sunny_Leone"
"153",2015-06-24,6139,"en","Sunny_Leone",77,"201506","Sunny_Leone"
"154",2015-06-25,6229,"en","Sunny_Leone",77,"201506","Sunny_Leone"
"172",2015-06-26,5951,"en","Sunny_Leone",77,"201506","Sunny_Leone"
"152",2015-06-27,6333,"en","Sunny_Leone",77,"201506","Sunny_Leone"
"180",2015-06-28,6020,"en","Sunny_Leone",77,"201506","Sunny_Leone"
"181",2015-06-29,6429,"en","Sunny_Leone",77,"201506","Sunny_Leone"
"155",2015-06-30,6647,"en","Sunny_Leone",77,"201506","Sunny_Leone"
"208",2015-07-01,6566,"en","Sunny_Leone",77,"201507","Sunny_Leone"
"210",2015-07-02,6528,"en","Sunny_Leone",77,"201507","Sunny_Leone"
"209",2015-07-03,5985,"en","Sunny_Leone",77,"201507","Sunny_Leone"
"205",2015-07-04,6281,"en","Sunny_Leone",77,"201507","Sunny_Leone"
"204",2015-07-05,5943,"en","Sunny_Leone",77,"201507","Sunny_Leone"
"207",2015-07-06,6524,"en","Sunny_Leone",77,"201507","Sunny_Leone"
"206",2015-07-07,6827,"en","Sunny_Leone",77,"201507","Sunny_Leone"
"212",2015-07-08,6167,"en","Sunny_Leone",77,"201507","Sunny_Leone"
"200",2015-07-09,6336,"en","Sunny_Leone",77,"201507","Sunny_Leone"
"192",2015-07-10,5954,"en","Sunny_Leone",77,"201507","Sunny_Leone"
"193",2015-07-11,5775,"en","Sunny_Leone",77,"201507","Sunny_Leone"
"190",2015-07-12,5775,"en","Sunny_Leone",77,"201507","Sunny_Leone"
"191",2015-07-13,5905,"en","Sunny_Leone",77,"201507","Sunny_Leone"
"188",2015-07-14,5344,"en","Sunny_Leone",77,"201507","Sunny_Leone"
"189",2015-07-15,5754,"en","Sunny_Leone",77,"201507","Sunny_Leone"
"186",2015-07-16,5545,"en","Sunny_Leone",77,"201507","Sunny_Leone"
"187",2015-07-17,5617,"en","Sunny_Leone",77,"201507","Sunny_Leone"
"184",2015-07-18,6327,"en","Sunny_Leone",77,"201507","Sunny_Leone"
"185",2015-07-19,5882,"en","Sunny_Leone",77,"201507","Sunny_Leone"
"203",2015-07-20,6322,"en","Sunny_Leone",77,"201507","Sunny_Leone"
"202",2015-07-21,6048,"en","Sunny_Leone",77,"201507","Sunny_Leone"
"201",2015-07-22,5998,"en","Sunny_Leone",77,"201507","Sunny_Leone"
"211",2015-07-23,5744,"en","Sunny_Leone",77,"201507","Sunny_Leone"
"199",2015-07-24,5845,"en","Sunny_Leone",77,"201507","Sunny_Leone"
"198",2015-07-25,6297,"en","Sunny_Leone",77,"201507","Sunny_Leone"
"197",2015-07-26,6181,"en","Sunny_Leone",77,"201507","Sunny_Leone"
"196",2015-07-27,6011,"en","Sunny_Leone",77,"201507","Sunny_Leone"
"195",2015-07-28,6237,"en","Sunny_Leone",77,"201507","Sunny_Leone"
"194",2015-07-29,5919,"en","Sunny_Leone",77,"201507","Sunny_Leone"
"182",2015-07-30,6030,"en","Sunny_Leone",77,"201507","Sunny_Leone"
"183",2015-07-31,5286,"en","Sunny_Leone",77,"201507","Sunny_Leone"
"223",2015-08-01,6082,"en","Sunny_Leone",77,"201508","Sunny_Leone"
"224",2015-08-02,5606,"en","Sunny_Leone",77,"201508","Sunny_Leone"
"225",2015-08-03,5016,"en","Sunny_Leone",77,"201508","Sunny_Leone"
"218",2015-08-04,7792,"en","Sunny_Leone",77,"201508","Sunny_Leone"
"219",2015-08-05,7391,"en","Sunny_Leone",77,"201508","Sunny_Leone"
"220",2015-08-06,6580,"en","Sunny_Leone",77,"201508","Sunny_Leone"
"221",2015-08-07,6148,"en","Sunny_Leone",77,"201508","Sunny_Leone"
"216",2015-08-08,8297,"en","Sunny_Leone",77,"201508","Sunny_Leone"
"217",2015-08-09,7520,"en","Sunny_Leone",77,"201508","Sunny_Leone"
"232",2015-08-10,5795,"en","Sunny_Leone",77,"201508","Sunny_Leone"
"231",2015-08-11,5430,"en","Sunny_Leone",77,"201508","Sunny_Leone"
"230",2015-08-12,5046,"en","Sunny_Leone",77,"201508","Sunny_Leone"
"229",2015-08-13,5895,"en","Sunny_Leone",77,"201508","Sunny_Leone"
"236",2015-08-14,5397,"en","Sunny_Leone",77,"201508","Sunny_Leone"
"235",2015-08-15,5737,"en","Sunny_Leone",77,"201508","Sunny_Leone"
"234",2015-08-16,6147,"en","Sunny_Leone",77,"201508","Sunny_Leone"
"233",2015-08-17,5580,"en","Sunny_Leone",77,"201508","Sunny_Leone"
"240",2015-08-18,5503,"en","Sunny_Leone",77,"201508","Sunny_Leone"
"239",2015-08-19,5385,"en","Sunny_Leone",77,"201508","Sunny_Leone"
"228",2015-08-20,5447,"en","Sunny_Leone",77,"201508","Sunny_Leone"
"237",2015-08-21,5413,"en","Sunny_Leone",77,"201508","Sunny_Leone"
"226",2015-08-22,5602,"en","Sunny_Leone",77,"201508","Sunny_Leone"
"227",2015-08-23,5540,"en","Sunny_Leone",77,"201508","Sunny_Leone"
"242",2015-08-24,5506,"en","Sunny_Leone",77,"201508","Sunny_Leone"
"243",2015-08-25,5304,"en","Sunny_Leone",77,"201508","Sunny_Leone"
"222",2015-08-26,5397,"en","Sunny_Leone",77,"201508","Sunny_Leone"
"241",2015-08-27,5181,"en","Sunny_Leone",77,"201508","Sunny_Leone"
"214",2015-08-28,5431,"en","Sunny_Leone",77,"201508","Sunny_Leone"
"215",2015-08-29,5334,"en","Sunny_Leone",77,"201508","Sunny_Leone"
"238",2015-08-30,5432,"en","Sunny_Leone",77,"201508","Sunny_Leone"
"213",2015-08-31,5020,"en","Sunny_Leone",77,"201508","Sunny_Leone"
"265",2015-09-01,4873,"en","Sunny_Leone",77,"201509","Sunny_Leone"
"264",2015-09-02,5361,"en","Sunny_Leone",77,"201509","Sunny_Leone"
"263",2015-09-03,10289,"en","Sunny_Leone",77,"201509","Sunny_Leone"
"262",2015-09-04,8826,"en","Sunny_Leone",77,"201509","Sunny_Leone"
"261",2015-09-05,7416,"en","Sunny_Leone",77,"201509","Sunny_Leone"
"260",2015-09-06,6326,"en","Sunny_Leone",77,"201509","Sunny_Leone"
"259",2015-09-07,6260,"en","Sunny_Leone",77,"201509","Sunny_Leone"
"269",2015-09-08,7706,"en","Sunny_Leone",77,"201509","Sunny_Leone"
"272",2015-09-09,6583,"en","Sunny_Leone",77,"201509","Sunny_Leone"
"244",2015-09-10,6245,"en","Sunny_Leone",77,"201509","Sunny_Leone"
"245",2015-09-11,6065,"en","Sunny_Leone",77,"201509","Sunny_Leone"
"246",2015-09-12,6221,"en","Sunny_Leone",77,"201509","Sunny_Leone"
"247",2015-09-13,5962,"en","Sunny_Leone",77,"201509","Sunny_Leone"
"248",2015-09-14,6919,"en","Sunny_Leone",77,"201509","Sunny_Leone"
"249",2015-09-15,7365,"en","Sunny_Leone",77,"201509","Sunny_Leone"
"250",2015-09-16,5645,"en","Sunny_Leone",77,"201509","Sunny_Leone"
"251",2015-09-17,6315,"en","Sunny_Leone",77,"201509","Sunny_Leone"
"252",2015-09-18,6260,"en","Sunny_Leone",77,"201509","Sunny_Leone"
"253",2015-09-19,6269,"en","Sunny_Leone",77,"201509","Sunny_Leone"
"271",2015-09-20,6183,"en","Sunny_Leone",77,"201509","Sunny_Leone"
"270",2015-09-21,6301,"en","Sunny_Leone",77,"201509","Sunny_Leone"
"273",2015-09-22,5771,"en","Sunny_Leone",77,"201509","Sunny_Leone"
"267",2015-09-23,5823,"en","Sunny_Leone",77,"201509","Sunny_Leone"
"257",2015-09-24,5833,"en","Sunny_Leone",77,"201509","Sunny_Leone"
"266",2015-09-25,6566,"en","Sunny_Leone",77,"201509","Sunny_Leone"
"258",2015-09-26,6244,"en","Sunny_Leone",77,"201509","Sunny_Leone"
"268",2015-09-27,5549,"en","Sunny_Leone",77,"201509","Sunny_Leone"
"255",2015-09-28,5404,"en","Sunny_Leone",77,"201509","Sunny_Leone"
"256",2015-09-29,5430,"en","Sunny_Leone",77,"201509","Sunny_Leone"
"254",2015-09-30,5658,"en","Sunny_Leone",77,"201509","Sunny_Leone"
"297",2015-10-01,5650,"en","Sunny_Leone",77,"201510","Sunny_Leone"
"299",2015-10-02,5600,"en","Sunny_Leone",77,"201510","Sunny_Leone"
"298",2015-10-03,5939,"en","Sunny_Leone",77,"201510","Sunny_Leone"
"294",2015-10-04,5526,"en","Sunny_Leone",77,"201510","Sunny_Leone"
"293",2015-10-05,5582,"en","Sunny_Leone",77,"201510","Sunny_Leone"
"296",2015-10-06,6130,"en","Sunny_Leone",77,"201510","Sunny_Leone"
"295",2015-10-07,5445,"en","Sunny_Leone",77,"201510","Sunny_Leone"
"301",2015-10-08,5432,"en","Sunny_Leone",77,"201510","Sunny_Leone"
"300",2015-10-09,5419,"en","Sunny_Leone",77,"201510","Sunny_Leone"
"279",2015-10-10,5623,"en","Sunny_Leone",77,"201510","Sunny_Leone"
"280",2015-10-11,5222,"en","Sunny_Leone",77,"201510","Sunny_Leone"
"278",2015-10-13,5370,"en","Sunny_Leone",77,"201510","Sunny_Leone"
"276",2015-10-14,5315,"en","Sunny_Leone",77,"201510","Sunny_Leone"
"277",2015-10-15,5355,"en","Sunny_Leone",77,"201510","Sunny_Leone"
"274",2015-10-16,5029,"en","Sunny_Leone",77,"201510","Sunny_Leone"
"275",2015-10-17,5991,"en","Sunny_Leone",77,"201510","Sunny_Leone"
"281",2015-10-18,5909,"en","Sunny_Leone",77,"201510","Sunny_Leone"
"282",2015-10-19,5739,"en","Sunny_Leone",77,"201510","Sunny_Leone"
"292",2015-10-20,5301,"en","Sunny_Leone",77,"201510","Sunny_Leone"
"291",2015-10-21,5692,"en","Sunny_Leone",77,"201510","Sunny_Leone"
"290",2015-10-22,4705,"en","Sunny_Leone",77,"201510","Sunny_Leone"
"289",2015-10-23,5188,"en","Sunny_Leone",77,"201510","Sunny_Leone"
"288",2015-10-24,5496,"en","Sunny_Leone",77,"201510","Sunny_Leone"
"287",2015-10-25,5432,"en","Sunny_Leone",77,"201510","Sunny_Leone"
"286",2015-10-26,5345,"en","Sunny_Leone",77,"201510","Sunny_Leone"
"285",2015-10-27,5295,"en","Sunny_Leone",77,"201510","Sunny_Leone"
"284",2015-10-28,5096,"en","Sunny_Leone",77,"201510","Sunny_Leone"
"283",2015-10-29,4812,"en","Sunny_Leone",77,"201510","Sunny_Leone"
"302",2015-10-30,5303,"en","Sunny_Leone",77,"201510","Sunny_Leone"
"303",2015-10-31,6427,"en","Sunny_Leone",77,"201510","Sunny_Leone"
"328",2015-11-01,5442,"en","Sunny_Leone",77,"201511","Sunny_Leone"
"325",2015-11-02,4951,"en","Sunny_Leone",77,"201511","Sunny_Leone"
"326",2015-11-03,5099,"en","Sunny_Leone",77,"201511","Sunny_Leone"
"319",2015-11-04,5553,"en","Sunny_Leone",77,"201511","Sunny_Leone"
"332",2015-11-05,5264,"en","Sunny_Leone",77,"201511","Sunny_Leone"
"317",2015-11-06,4824,"en","Sunny_Leone",77,"201511","Sunny_Leone"
"318",2015-11-07,5508,"en","Sunny_Leone",77,"201511","Sunny_Leone"
"321",2015-11-08,5277,"en","Sunny_Leone",77,"201511","Sunny_Leone"
"322",2015-11-09,5518,"en","Sunny_Leone",77,"201511","Sunny_Leone"
"309",2015-11-10,5333,"en","Sunny_Leone",77,"201511","Sunny_Leone"
"308",2015-11-11,4664,"en","Sunny_Leone",77,"201511","Sunny_Leone"
"311",2015-11-12,4824,"en","Sunny_Leone",77,"201511","Sunny_Leone"
"310",2015-11-13,4629,"en","Sunny_Leone",77,"201511","Sunny_Leone"
"313",2015-11-14,5250,"en","Sunny_Leone",77,"201511","Sunny_Leone"
"312",2015-11-15,5158,"en","Sunny_Leone",77,"201511","Sunny_Leone"
"315",2015-11-16,5431,"en","Sunny_Leone",77,"201511","Sunny_Leone"
"314",2015-11-17,5175,"en","Sunny_Leone",77,"201511","Sunny_Leone"
"305",2015-11-18,5173,"en","Sunny_Leone",77,"201511","Sunny_Leone"
"304",2015-11-19,4913,"en","Sunny_Leone",77,"201511","Sunny_Leone"
"329",2015-11-20,4635,"en","Sunny_Leone",77,"201511","Sunny_Leone"
"330",2015-11-21,4924,"en","Sunny_Leone",77,"201511","Sunny_Leone"
"331",2015-11-22,4913,"en","Sunny_Leone",77,"201511","Sunny_Leone"
"320",2015-11-23,4431,"en","Sunny_Leone",77,"201511","Sunny_Leone"
"333",2015-11-24,4314,"en","Sunny_Leone",77,"201511","Sunny_Leone"
"307",2015-11-25,4433,"en","Sunny_Leone",77,"201511","Sunny_Leone"
"327",2015-11-26,4894,"en","Sunny_Leone",77,"201511","Sunny_Leone"
"316",2015-11-27,4357,"en","Sunny_Leone",77,"201511","Sunny_Leone"
"323",2015-11-28,4792,"en","Sunny_Leone",77,"201511","Sunny_Leone"
"324",2015-11-29,4579,"en","Sunny_Leone",77,"201511","Sunny_Leone"
"306",2015-11-30,6047,"en","Sunny_Leone",77,"201511","Sunny_Leone"
"338",2015-12-01,5472,"en","Sunny_Leone",77,"201512","Sunny_Leone"
"337",2015-12-02,5359,"en","Sunny_Leone",77,"201512","Sunny_Leone"
"336",2015-12-03,4758,"en","Sunny_Leone",77,"201512","Sunny_Leone"
"342",2015-12-04,5209,"en","Sunny_Leone",77,"201512","Sunny_Leone"
"341",2015-12-05,6132,"en","Sunny_Leone",77,"201512","Sunny_Leone"
"340",2015-12-06,5684,"en","Sunny_Leone",77,"201512","Sunny_Leone"
"339",2015-12-07,6191,"en","Sunny_Leone",77,"201512","Sunny_Leone"
"335",2015-12-08,5450,"en","Sunny_Leone",77,"201512","Sunny_Leone"
"334",2015-12-09,5375,"en","Sunny_Leone",77,"201512","Sunny_Leone"
"359",2015-12-10,6239,"en","Sunny_Leone",77,"201512","Sunny_Leone"
"360",2015-12-11,6198,"en","Sunny_Leone",77,"201512","Sunny_Leone"
"361",2015-12-12,5954,"en","Sunny_Leone",77,"201512","Sunny_Leone"
"362",2015-12-13,7320,"en","Sunny_Leone",77,"201512","Sunny_Leone"
"355",2015-12-14,7962,"en","Sunny_Leone",77,"201512","Sunny_Leone"
"356",2015-12-15,7598,"en","Sunny_Leone",77,"201512","Sunny_Leone"
"357",2015-12-16,7207,"en","Sunny_Leone",77,"201512","Sunny_Leone"
"358",2015-12-17,7470,"en","Sunny_Leone",77,"201512","Sunny_Leone"
"363",2015-12-18,6760,"en","Sunny_Leone",77,"201512","Sunny_Leone"
"364",2015-12-19,5698,"en","Sunny_Leone",77,"201512","Sunny_Leone"
"344",2015-12-20,5505,"en","Sunny_Leone",77,"201512","Sunny_Leone"
"343",2015-12-21,5307,"en","Sunny_Leone",77,"201512","Sunny_Leone"
"346",2015-12-22,5286,"en","Sunny_Leone",77,"201512","Sunny_Leone"
"345",2015-12-23,6266,"en","Sunny_Leone",77,"201512","Sunny_Leone"
"348",2015-12-24,7709,"en","Sunny_Leone",77,"201512","Sunny_Leone"
"347",2015-12-25,7480,"en","Sunny_Leone",77,"201512","Sunny_Leone"
"350",2015-12-26,7998,"en","Sunny_Leone",77,"201512","Sunny_Leone"
"349",2015-12-27,6868,"en","Sunny_Leone",77,"201512","Sunny_Leone"
"352",2015-12-28,7431,"en","Sunny_Leone",77,"201512","Sunny_Leone"
"351",2015-12-29,7629,"en","Sunny_Leone",77,"201512","Sunny_Leone"
"353",2015-12-30,7709,"en","Sunny_Leone",77,"201512","Sunny_Leone"
"354",2015-12-31,6713,"en","Sunny_Leone",77,"201512","Sunny_Leone"
